study_id,ITRDB_Code,Study_Name,Latitude,Longitude,Elevation,Species,FirstYear,LastYear
3602,RUSS019,Jacoby - Lukunska River - LAGM - ITRDB RUSS019,72.5,105.17,40,LAGM,1580,1997
4566,RUSS080,Schweingruber - Novoja Rieka - LAGM - ITRDB RUSS080,72.45,101.75,70,LAGM,1624,1990
12690,RUSS216,Jacoby - Ari Mas - LAGM - ITRDB RUSS216,72.45,101.9,,LAGM,1593,1995
14006,RUSS221,D'Arrigo - Taymir Peninsula Composite - LAGM - ITRDB RUSS221,72,102,,LAGM,513,1997
4602,RUSS076,Schweingruber - Popigay - LAGM - ITRDB RUSS076,71.9,111.03,150,LAGM,1625,1990
4603,RUSS166,Schweingruber - Popigay B - LAGM - ITRDB RUSS166,71.9,111.03,150,LAGM,1914,1990
4317,RUSS077,Schweingruber - Ary-Ongorbynf-River A - LAGM - ITRDB RUSS077,71.7,118.58,140,LAGM,1708,1990
4318,RUSS163,Schweingruber - Ary-Ongorbynf-River B - LAGM - ITRDB RUSS163,71.7,118.58,140,LAGM,1937,1990
4330,RUSS124,Schweingruber - Balschaya Kamenka River - LAGM - ITRDB RUSS124,71.33,93.83,60,LAGM,1569,1990
4567,RUSS128,Schweingruber - Nuleger river - LAGM - ITRDB RUSS128,71.22,127.43,40,LAGM,1391,1990
4577,RUSS114,Schweingruber - Omoloya River - LAGM - ITRDB RUSS114,70.95,132.98,20,LAGM,1496,1991
3902,RUSS193,MacDonald - Lower Lena - LADE - ITRDB RUSS193,70.67,125.87,180,LADE,1405,1994
12692,RUSS218,Jacoby - River View - LAGM - ITRDB RUSS218,70.65,109.4667,,LAGM,1398,1997
4477,RUSS024,Schweingruber - Kotuykan River B - LAGM - ITRDB RUSS024,70.6,104.25,130,LAGM,1563,1990
4476,RUSS165,Schweingruber - Kotuykan River - LAGM - ITRDB RUSS165,70.6,104.25,130,LAGM,1855,1990
3568,RUSS184,Hughes - Indigirka - LAGM - ITRDB RUSS184,70.53,148.15,80,LAGM,1554,1994
4436,RUSS029,Schweingruber - Ikon River - LAGM - ITRDB RUSS029,70.52,89.5,50,LAGM,1657,1990
16794,RUSS239,Esper - Putorana - LASP - ITRDB RUSS239,70.5167,92.95,350,LASP,1663,2000
3571,RUSS185,Hughes - Lakeside south of Chokurdak - LAGM - ITRDB RUSS185,70.5,148.13,80,LAGM,1522,1994
3564,RUSS186,Hughes - Berelekh - LAGM - ITRDB RUSS186,70.47,144.27,80,LAGM,1200,1909
3570,RUSS187,Hughes - Kirlach - LAGM - ITRDB RUSS187,70.43,143.93,80,LAGM,1493,1994
12691,RUSS217,Jacoby - Kotuikan River - LAGM - ITRDB RUSS217,70.3667,103.2667,,LAGM,1420,1997
4694,RUSS142,"Schweingruber - Tschokurdach, Ochotingna - LAGM - ITRDB RUSS142",70.28,148.05,50,LAGM,1434,1990
4474,RUSS038,Schweingruber - Kotuy River - PCOB - ITRDB RUSS038,70.27,103.52,130,PCOB,1630,1990
4475,RUSS160,Schweingruber - Kotuy River B - PCOB - ITRDB RUSS160,70.27,103.52,130,PCOB,1881,1990
4341,RUSS106,"Schweingruber - Batagay,Chandon-river - LAGM - ITRDB RUSS106",70.25,138.17,80,LAGM,1550,1991
3561,RUSS188,Hughes - Allayka - LAGM - ITRDB RUSS188,70.05,146.45,80,LAGM,1572,1994
23931,AK162,Ackerman - Inigok Riparian - SAPC - ITRDB AK162,69.99,-153.04,35,SAPC,1968,2016
23932,AK163,Ackerman - Inigok Upland - SAPC - ITRDB AK163,69.99,-153.04,38,SAPC,1974,2016
34202,NORW029,Esper - Alta Wet - PISY - ITRDB NORW029,69.92,23.11,73,PISY,1801,2015
34203,NORW030,Esper - Alta Dry - PISY - ITRDB NORW030,69.92,23.11,73,PISY,1792,2015
4574,RUSS025,Schweingruber - Olenok River - LAGM - ITRDB RUSS025,69.78,119.12,130,LAGM,1482,1990
4575,RUSS161,Schweingruber - Olenok River - PCOB - ITRDB RUSS161,69.78,119.12,130,PCOB,1800,1990
4489,RUSS065,Schweingruber - Kuonamka River (trocken) - LAGM - ITRDB RUSS065,69.77,112.82,150,LAGM,1564,1990
4488,RUSS069,Schweingruber - Kuonamka River (feucht) - LAGM - ITRDB RUSS069,69.77,112.82,150,LAGM,1830,1990
4579,RUSS031,Schweingruber - Ozera Lama - PCOB - ITRDB RUSS031,69.58,90.5,60,PCOB,1640,1990
3744,NORW008,Kirchhefer - Vikran - PISY - ITRDB NORW008,69.53,18.73,100,PISY,1599,1992
4323,RUSS094,Schweingruber - Ayakli River A - LAGM - ITRDB RUSS094,69.53,97.53,550,LAGM,1540,1990
4324,RUSS162,Schweingruber - Ayakli River B - LAGM - ITRDB RUSS162,69.53,97.53,550,LAGM,1872,1990
34172,FINL078,Esper - Ailij‰rvi Inari Wet - PISY - ITRDB FINL078,69.52,28.57,120,PISY,1700,2011
34173,FINL079,Esper - Ailij‰rvi Inari Dry - PISY - ITRDB FINL079,69.52,28.57,120,PISY,1688,2011
12575,CANA319,Jacoby - Eagle Fecal/Horton River - PCGL - ITRDB CANA319,69.5,-127.8333,,PCGL,993,1994
12576,CANA320,Jacoby - Ptarmigan - PCGL - ITRDB CANA320,69.5,-127.8333,,PCGL,1426,1994
12577,CANA321,Jacoby - Eagle Fecal/Ptarmigan Merge - PCGL - ITRDB CANA321,69.5,-127.8333,,PCGL,1175,1993
3574,RUSS191,Hughes - Northern Yakutia - LAGM - ITRDB RUSS191,69.5,147,80,LAGM,1259,1994
3573,RUSS189,Hughes - Nanjan - LAGM - ITRDB RUSS189,69.45,150.25,80,LAGM,1500,1994
3990,NORW007,Meril‰inen - Karasjok - PISY - ITRDB NORW007,69.42,25.63,350,PISY,1698,2001
34196,NORW023,Esper - Nikkavatnet Wet - PISY - ITRDB NORW023,69.36,18.73,90,PISY,1834,2014
34197,NORW024,Esper - Nikkavatnet Dry - PISY - ITRDB NORW024,69.36,18.73,90,PISY,1788,2014
34200,NORW027,Esper - Skibotn Wet - PISY - ITRDB NORW027,69.35,20.32,72,PISY,1801,2013
34201,NORW028,Esper - Skibotn Dry - PISY - ITRDB NORW028,69.35,20.32,72,PISY,1816,2013
2857,FINL061,Briffa - Suojanpera - PISY - ITRDB FINL061,69.32,28.13,140,PISY,1532,1983
4702,RUSS059,Schweingruber - Uel-Siktjach river - LAGM - ITRDB RUSS059,69.28,125.33,130,LAGM,1694,1990
4310,RUSS132,Schweingruber - Andryuschkine - LAGM - ITRDB RUSS132,69.28,154.77,50,LAGM,1449,1991
34176,FINL082,Esper - Juomusj‰rvi Wet - PISY - ITRDB FINL082,69.26,27.4,200,PISY,1717,2011
34177,FINL083,Esper - Juomusj‰rvi Dry - PISY - ITRDB FINL083,69.26,27.4,200,PISY,1700,2011
4655,NORW004,Schweingruber - Skibotn - PISY - ITRDB NORW004,69.25,20.58,80,PISY,1775,1978
9930,RUSS199,Bunn - Tree Line - LAGM - ITRDB RUSS199,69.2,161.4333,10,LAGM,1821,2007
4465,RUSS078,Schweingruber - Kheta River - LASI - ITRDB RUSS078,69.12,84.5,80,LASI,1624,1990
4466,RUSS079,Schweingruber - Kheta River junge B‰ume - LASI - ITRDB RUSS079,69.12,84.5,80,LASI,1949,1990
3562,RUSS190,Hughes - Argaa - LAGM - ITRDB RUSS190,69.12,150.27,80,LAGM,1259,1930
3743,NORW009,Kirchhefer - Stonglandseidet - PISY - ITRDB NORW009,69.08,17.22,150,PISY,1403,1997
34194,NORW021,Esper - Fisktjˆrna Wet - PISY - ITRDB NORW021,69.06,19.34,151,PISY,1685,2014
34195,NORW022,Esper - Fisktjˆrna Dry - PISY - ITRDB NORW022,69.06,19.34,151,PISY,1680,2014
16793,RUSS238,Esper - W Norilsk - LASP - ITRDB RUSS238,69.0167,83.6667,30,LASP,1664,2000
29752,AK174,Andreu-Hayles - Ice Cut Dalton Highway - ALCR - ITRDB AK174,69,-148.8,,ALCR,1920,2010
29753,AK175,Andreu-Hayles - Ice Cut Dalton Highway - SASP - ITRDB AK175,69,-148.8,,SASP,1977,2010
27473,FINL076,"GutiÈrrez - Kessi, Inari - PISY - ITRDB FINL076",68.93,28.42,150,PISY,1508,2003
3994,FINL047,Meril‰inen - Kessi Inari - PISY - ITRDB FINL047,68.92,28.48,-999,PISY,1622,2001
2827,FINL062,Briffa - Jurmarova - PISY - ITRDB FINL062,68.87,26.88,250,PISY,1560,1983
34192,NORW019,Esper - Dividalur Wet - PISY - ITRDB NORW019,68.86,19.59,320,PISY,1789,2013
34193,NORW020,Esper - Dividalur Dry - PISY - ITRDB NORW020,68.86,19.59,320,PISY,1742,2013
3991,FINL021,Meril‰inen - Karhunpes‰kivi Inari - PISY - ITRDB FINL021,68.83,27.25,200,PISY,1410,2001
34182,FINL088,Esper - Karhunpes‰kivi Wet - PISY - ITRDB FINL088,68.83,27.31,258,PISY,1511,2011
34183,FINL089,Esper - Karhunpes‰kivi Dry - PISY - ITRDB FINL089,68.83,27.31,258,PISY,1654,2011
3742,NORW010,Kirchhefer - Forfjorddalen 2 - PISY - ITRDB NORW010,68.8,15.73,110,PISY,877,1994
4381,RUSS107,Schweingruber - Cherskij - LAGM - ITRDB RUSS107,68.8,163.05,300,LAGM,1538,1991
12570,CANA315,Jacoby - Firth River Yukon - PCGL - ITRDB CANA315,68.7833,-142.35,,PCGL,1067,2002
34190,FINL096,Esper - Kutuj‰rvi Wet - PISY - ITRDB FINL096,68.77,27.15,170,PISY,1752,2015
34191,FINL097,Esper - Kutuj‰rvi Dry - PISY - ITRDB FINL097,68.77,27.15,170,PISY,1744,2015
4547,RUSS093,Schweingruber - Murmashi - PISY - ITRDB RUSS093,68.77,32.8,140,PISY,1715,1992
4546,RUSS096,Schweingruber - Murmashi - PCAB - ITRDB RUSS096,68.77,32.8,140,PCAB,1678,1992
9925,RUSS194,Bunn - Cherskii - LAGM - ITRDB RUSS194,68.75,161.4167,40,LAGM,1718,2007
9927,RUSS196,Bunn - Grass Lake - LAGM - ITRDB RUSS196,68.75,161.3833,86,LAGM,1805,2007
9929,RUSS198,Bunn - Rodenka Hill - LAGM - ITRDB RUSS198,68.7333,161.55,186,LAGM,1835,2007
31114,CANA614,Sniderhan - Trail Valley Creek - PCMA - ITRDB CANA614,68.7317,-133.4917,70,PCMA,1881,2014
29754,AK176,Andreu-Hayles - SG Dalton Highway - SASP - ITRDB AK176,68.7,-148.9,,SASP,1964,2010
19844,CANA501,Porter - Axel Channel Mackenzie Delta - PCGL - ITRDB CANA501,68.6833,-134.5167,2,PCGL,1579,2006
2834,FINL060,Briffa - Morgammaras - PISY - ITRDB FINL060,68.67,25.87,300,PISY,1536,1983
9926,RUSS195,Bunn - Dvanieyar - LAGM - ITRDB RUSS195,68.6667,159.0833,10,LAGM,1840,2007
22053,AK151,Ackerman - Kuparuk Riparian - SAPC - ITRDB AK151,68.662,-149.43,717,SAPC,1972,2015
22054,AK152,Ackerman - Kuparuk Upland - SAPC - ITRDB AK152,68.662,-149.428,720,SAPC,1965,2015
14790,AK132,Anchukaitis - Firth River 1236 - PCGL - ITRDB AK132,68.65,-141.63,790,PCGL,1073,2002
4020,RUSS182,Meril‰inen - Verhnutulomskij Yl‰-Tuuloma - PISY - ITRDB RUSS182,68.65,31.67,-999,PISY,1681,2001
11228,RUSS208,Forbes - Varandei - SALA - ITRDB RUSS208,68.65,58.3667,30,SALA,1921,2005
23933,AK164,Ackerman - Itkillik Upland - SAPC - ITRDB AK164,68.641,-149.614,739,SAPC,1962,2016
3607,AK033,Jacoby - Sheenjek River and Flats - PCGL - ITRDB AK033,68.63,-143.72,808,PCGL,1296,1979
2939,CANA029,Church - Spruce Creek - PCGL - ITRDB CANA029,68.63,-138.63,381,PCGL,1570,1977
19849,CANA504,Porter - Amacokvik Channel Mackenzie Delta - PCGL - ITRDB CANA504,68.6167,-134.3833,2,PCGL,1435,2007
4573,RUSS048,Schweingruber - Olenjok - LAGM - ITRDB RUSS048,68.6,112.25,300,LAGM,1450,1990
19859,CANA514,Porter - Noell Lake Mackenzie Delta Region - PCGL - ITRDB CANA514,68.5833,-133.6833,98,PCGL,1653,2006
19868,CANA523,Pisaric - Hidden Lake Mackenzie Delta - PCGL - ITRDB CANA523,68.5833,-134.1,2,PCGL,1563,2003
34198,NORW025,Esper - Nedre Karingsvatnet Wet - PISY - ITRDB NORW025,68.57,16.06,345,PISY,1725,2013
34199,NORW026,Esper - Nedre Karingsvatnet Dry - PISY - ITRDB NORW026,68.57,16.06,345,PISY,1701,2013
19860,CANA515,Porter - Pederson Channel Mackenzie Delta - PCGL - ITRDB CANA515,68.5333,-134.6333,2,PCGL,1499,2007
9928,RUSS197,Bunn - Parshina - LAGM - ITRDB RUSS197,68.5333,160.2,10,LAGM,1828,2007
4014,FINL022,Meril‰inen - Uusijoki Inari Peuravuono - PISY - ITRDB FINL022,68.53,28,250,PISY,1659,1992
19854,CANA509,Porter - Jamieson Channel 2 Mackenzie Delta - PCGL - ITRDB CANA509,68.5167,-135.0667,2,PCGL,1453,2007
19867,CANA522,Pisaric - Fallen Tree Mackenzie Delta - PCGL - ITRDB CANA522,68.5167,-133.8667,2,PCGL,1332,2003
19871,CANA526,Pisaric - Mike Smith's Site Mackenzie Delta - PCGL - ITRDB CANA526,68.5167,134,2,PCGL,1611,2003
4513,NORW001,Schweingruber - Lofoten Loedingen - PISY - ITRDB NORW001,68.48,16.03,200,PISY,1485,1978
4551,NORW003,Schweingruber - Narvik - PISY - ITRDB NORW003,68.48,17.73,50,PISY,1702,1978
3986,SWED018,Meril‰inen - Kaaresuvanto Enontekiˆ - PISY - ITRDB SWED018,68.48,22.15,350,PISY,1803,1992
19869,CANA524,Pisaric - Maggie Lake Mackenzie Delta - PCGL - ITRDB CANA524,68.4667,-133.85,2,PCGL,1398,2003
19870,CANA525,Pisaric - MP site Mackenzie Delta - PCGL - ITRDB CANA525,68.4667,-133.8667,2,PCGL,1545,2003
19863,CANA518,Porter - West Channel 1 Mackenzie Delta - PCGL - ITRDB CANA518,68.45,-135.5167,2,PCGL,1591,2006
19865,CANA520,Pisaric - Blueberry Mackenzie Delta - PCGL - ITRDB CANA520,68.45,-133.85,2,PCGL,1501,2006
2848,FINL059,Briffa - Riukuselka - PISY - ITRDB FINL059,68.45,28.07,320,PISY,1562,1983
34180,FINL086,Esper - Kuusip‰‰ Wet - PISY - ITRDB FINL086,68.45,27.36,302,PISY,1832,2011
34181,FINL087,Esper - Kuusip‰‰ Dry - PISY - ITRDB FINL087,68.45,27.36,302,PISY,1710,2011
4306,RUSS087,Schweingruber - Alagea River - LAGM - ITRDB RUSS087,68.45,147.58,140,LAGM,1579,1991
19857,CANA512,Porter - Napoiak Channel 1 Mackenzie Delta - PCGL - ITRDB CANA512,68.4333,-134.5833,2,PCGL,1580,2007
19866,CANA521,Pisaric - Deadwood Mackenzie Delta - PCGL - ITRDB CANA521,68.4333,-133.8167,2,PCGL,1483,2003
4325,RUSS063,Schweingruber - Ayandina River - LAGM - ITRDB RUSS063,68.42,143.17,45,LAGM,1553,1991
3293,RUSS192,Gervais - Kola Peninsula - PISY - ITRDB RUSS192,68.42,35.28,220,PISY,1577,1997
19858,CANA513,Porter - Napoiak Channel 2 Mackenzie Delta - PCGL - ITRDB CANA513,68.4,-134.2667,2,PCGL,1687,2007
19872,CANA527,Pisaric - Timber Site Mackenzie Delta - PCGL - ITRDB CANA527,68.4,-133.8,2,PCGL,1529,2003
23930,AK161,Ackerman - Brooks Range Upland - SAPC - ITRDB AK161,68.375,-149.295,910,SAPC,1966,2015
19853,CANA508,Porter - Jamieson Channel 1 Mackenzie Delta - PCGL - ITRDB CANA508,68.3667,-134.9667,2,PCGL,1587,2007
19862,CANA517,Porter - Schooner Channel Mackenzie Delta - PCGL - ITRDB CANA517,68.3667,-134.6667,2,PCGL,1603,2007
20742,CANA550,Porter - Thomas Creek TH1 - PCGL - ITRDB CANA550,68.3333,-140.75,339,PCGL,1650,2007
20743,CANA551,Porter - Timber Creek TM1 - PCGL - ITRDB CANA551,68.3333,-139.7167,315,PCGL,1631,2007
6126,SWED329,Hoogesteger - Abisko Valley - BEPU - ITRDB SWED329,68.33,18.8,470,BEPU,1820,1983
19864,CANA519,Porter - West Channel 2 Mackenzie Delta - PCGL - ITRDB CANA519,68.3167,-135.2,2,PCGL,1474,2007
31112,CANA612,Sniderhan - Inuvik - PCMA - ITRDB CANA612,68.31472,-133.4583,100,PCMA,1860,2014
19846,CANA503,Porter - Aklavik Channel 2 Mackenzie Delta - PCGL - ITRDB CANA503,68.2833,-134.7833,2,PCGL,1716,2006
5093,CANA138,Szeicz - Campbell Dolomite Upland - PCGL - ITRDB CANA138,68.27,-133.33,120,PCGL,1060,1992
4364,CANA172,Schweingruber - Campbell Dolomite Upland B fos. - PCGL - ITRDB CANA172,68.27,-133.33,120,PCGL,1175,1828
4363,CANA173,Schweingruber - Campbell Dolomite Upland B - PCGL - ITRDB CANA173,68.27,-133.33,120,PCGL,1466,1992
19850,CANA505,Porter - Campbell Dolomite Uplands 1 Mackenzie Delta - PCGL - ITRDB CANA505,68.2667,-133.4,130,PCGL,1158,2007
19856,CANA511,Porter - Kalinek Channel 2 Mackenzie Delta - PCGL - ITRDB CANA511,68.2667,-134.15,2,PCGL,1596,2007
19845,CANA502,Porter - Aklavik Channel 1 Mackenzie Delta - PCGL - ITRDB CANA502,68.25,-134.7333,2,PCGL,1631,2006
4438,RUSS027,Schweingruber - Indikyakha-River - LASI - ITRDB RUSS027,68.25,80.18,60,LASI,1592,1990
4684,SWED019,"Schweingruber - Tornetr‰sk r+f., Bartoli - PISY - ITRDB SWED019",68.23,19.67,400,PISY,441,1980
4685,SWED020,"Schweingruber - Tornetr‰sk rez., Bartoli - PISY - ITRDB SWED020",68.23,19.67,400,PISY,1400,1980
4683,SWED021,"Schweingruber - Tornetr‰sk fos., Bartoli - PISY - ITRDB SWED021",68.23,19.67,400,PISY,441,1936
13792,FINL072,Frank - Ketomella PK - PISY - ITRDB FINL072,68.22,24.05,300,PISY,1724,2006
13793,FINL073,Frank - Ketomella PT - PISY - ITRDB FINL073,68.22,24.05,300,PISY,1572,2006
13794,FINL074,Frank - Ketomella PW - PISY - ITRDB FINL074,68.22,24.05,300,PISY,1569,2006
20737,CANA546,Porter - Old Crow River site OC54 - PCGL - ITRDB CANA546,68.2167,-140.0833,292,PCGL,1615,2007
17262,SWED334,Grudd - Tornetr‰sk - PISY - ITRDB SWED334,68.2167,19.75,400,PISY,-5407,2010
14030,SWED332,Frank - Tornetr‰sk TR - PISY - ITRDB SWED332,68.2,19.8,390,PISY,1796,2005
14031,SWED333,Frank - Tornetr‰sk TW - PISY - ITRDB SWED333,68.2,19.8,390,PISY,1800,2006
20745,CANA552,Porter - Timber Creek TM2 - PCGL - ITRDB CANA552,68.1667,-139.7833,305,PCGL,1522,2007
19851,CANA506,Porter - Campbell Dolomite Uplands 2 Mackenzie Delta - PCGL - ITRDB CANA506,68.15,-133.7667,25,PCGL,1118,2007
19861,CANA516,Porter - Peel Channel Mackenzie Delta - PCGL - ITRDB CANA516,68.15,-135.15,2,PCGL,1615,2007
19852,CANA507,Porter - Esau Channel Mackenzie Delta - PCGL - ITRDB CANA507,68.1333,-134.7667,2,PCGL,1607,2007
20732,CANA542,Porter - Old Crow River site OC50 - PCGL - ITRDB CANA542,68.1333,-139.9333,282,PCGL,1668,2007
2855,FINL058,Briffa - Sompio - PISY - ITRDB FINL058,68.13,27.45,330,PISY,1560,1983
4659,RUSS026,Schweingruber - Solenoya-River - LASI - ITRDB RUSS026,68.12,85.05,130,LASI,1637,1990
19855,CANA510,Porter - Kalinek Channel 1 Mackenzie Delta - PCGL - ITRDB CANA510,68.1167,-134.1667,2,PCGL,1445,2007
5256,AK047,Wilmking - Firth River - PCGL - ITRDB AK047,68.1,-141.1,100,PCGL,1676,2002
3642,AK053,Joergenson - Sheenjek River - PCGL - ITRDB AK053,68.08,-143.13,100,PCGL,1715,2000
4021,FINL045,Meril‰inen - Vuotso GSF - PISY - ITRDB FINL045,68.07,27.2,-999,PISY,1740,2001
20733,CANA543,Porter - Old Crow River site OC51 - PCGL - ITRDB CANA543,68.0667,-139.7833,272,PCGL,1680,2007
20734,CANA544,Porter - Old Crow River site OC52 - PCGL - ITRDB CANA544,68.05,-139.5833,269,PCGL,1749,2007
3886,AK085,Lloyd - Dalton Highway Mile Post 235 - PCGL - ITRDB AK085,68.03,-149.68,810,PCGL,1806,2005
4580,FINL020,Schweingruber - Palasjarvi Palastunturi - PCAB - ITRDB FINL020,68.03,24.1,270,PCAB,1782,1978
2841,FINL064,Briffa - Pallasmaja - PISY - ITRDB FINL064,68,24.2,290,PISY,1657,1983
32564,AK187,Gaglioti - Noatak Alder Unburned - ALSP - ITRDB AK187,67.991609,-162.003299,117,ALSP,1936,2017
32563,AK186,Gaglioti - Noatak Alder Twice Burned - ALSP - ITRDB AK186,67.986404,-161.973789,119,ALSP,1980,2017
32562,AK185,Gaglioti - Noatak Alder Once Burned - ALSP - ITRDB AK185,67.982804,-161.978916,92,ALSP,1979,2017
4486,RUSS028,Schweingruber - Kulyumbe River - LASI - ITRDB RUSS028,67.97,88.92,160,LASI,1574,1990
4487,RUSS030,Schweingruber - Kulyumbe River - PCOB - ITRDB RUSS030,67.97,88.92,160,PCOB,1661,1990
12451,AK104,Jacoby - Dalton Highway - PCGL - ITRDB AK104,67.9667,-149.7667,701,PCGL,1303,2000
20718,CANA538,Porter - Johnson Creek site JC1 - PCGL - ITRDB CANA538,67.95,-139.1333,286,PCGL,1744,2007
3593,AK031,Jacoby - Four Twelve with Revisit - PCGL - ITRDB AK031,67.93,-162.3,126,PCGL,1524,1990
12467,AK109,Jacoby - 412/Noatak - PCGL - ITRDB AK109,67.9167,-162.3,750,PCGL,1524,1990
14028,SWED330,Frank - Kiruna - PISY - ITRDB SWED330,67.9,20.1,430,PISY,1775,2006
14029,SWED331,Frank - Kiruna KW - PISY - ITRDB SWED331,67.9,20.1,430,PISY,1656,2006
34206,SWED342,Esper - Kiruna Wet - PISY - ITRDB SWED342,67.9,20.1,451,PISY,1800,2009
34207,SWED343,Esper - Kiruna Dry - PISY - ITRDB SWED343,67.9,20.1,451,PISY,1809,2009
3464,SWED009,Harlan - Arosjak - PISY - ITRDB SWED009,67.87,19.42,762,PISY,1614,1971
20735,CANA545,Porter - Old Crow River site OC53 - PCGL - ITRDB CANA545,67.85,-139.6,265,PCGL,1648,2007
4714,RUSS110,"Schweingruber - Verchoyansk,Cakker river - LAGM - ITRDB RUSS110",67.83,130.83,750,LAGM,1669,1991
16792,RUSS237,Esper - More Ju - PCOB - ITRDB RUSS237,67.8167,60.0167,75,PCOB,1751,2000
20717,CANA537,Porter - Porcupine River Downstream site DP31 - PCGL - ITRDB CANA537,67.8,-140.4333,245,PCGL,1617,2007
20741,CANA549,Porter - Schaeffer Creek headwaters SC1 - PCGL - ITRDB CANA549,67.75,-140.5167,647,PCGL,1537,2007
20731,CANA541,Porter - Old Crow River site OC10 - PCGL - ITRDB CANA541,67.7167,-139.8167,259,PCGL,1719,2006
20730,CANA540,Porter - Old Crow River site OC9 - PCGL - ITRDB CANA540,67.7,-139.8167,267,PCGL,1618,2007
6129,SWED319,Linderholm - Angerusj‰rvi - PISY - ITRDB SWED319,67.63,21.77,280,PISY,1656,1998
3971,NORW012,Melvin - Borealoa River - PISY - ITRDB NORW012,67.62,15.73,160,PISY,1550,1997
4680,RUSS113,Schweingruber - Tirekhtjakh river - LAGM - ITRDB RUSS113,67.62,137.47,350,LAGM,1565,1991
3972,NORW011,Melvin - Rorstaddalen - PISY - ITRDB NORW011,67.6,15.33,90,PISY,1550,1997
20719,CANA539,Porter - Old Crow River site OC2 - PCGL - ITRDB CANA539,67.5833,-139.75,258,PCGL,1691,2007
3885,AK084,Lloyd - Dalton Highway Mile Post 201 - PCMA - ITRDB AK084,67.57,-149.82,469,PCMA,1912,2001
13789,FINL069,Frank - Kes‰nkij‰rvi - PISY - ITRDB FINL069,67.56,24.3,450,PISY,1475,2006
3884,AK083,Lloyd - Dalton Highway Mile Post 200 - PCMA - ITRDB AK083,67.55,-149.83,443,PCMA,1912,2001
20739,CANA547,Porter - Porcupine River Upstream site PC17 - PCGL - ITRDB CANA547,67.55,-139.4167,251,PCGL,1803,2006
20740,CANA548,Porter - Porcupine River Upstream site PC18 - PCGL - ITRDB CANA548,67.5333,-139.3167,251,PCGL,1686,2006
20746,CANA553,Porter - Porcupine River Downstream site DP21 - PCGL - ITRDB CANA553,67.5333,-139.9333,251,PCGL,1657,2007
3883,AK082,Lloyd - Dalton Highway Mile Post 199 - PCMA - ITRDB AK082,67.53,-149.85,455,PCMA,1815,2001
20712,CANA532,Porter - Porcupine River Downstream site DP24 - PCGL - ITRDB CANA532,67.5167,-139.9667,249,PCGL,1735,2006
20713,CANA533,Porter - Porcupine River Downstream site DP25 - PCGL - ITRDB CANA533,67.5167,-139.9833,251,PCGL,1759,2006
20714,CANA534,Porter - Porcupine River Downstream site DP26 - PCGL - ITRDB CANA534,67.5167,-140,243,PCGL,1728,2006
13706,AK113,D'Arrigo - NW North Alaska Composite - PCGL - ITRDB AK113,67.5,-150,,PCGL,952,2000
20711,CANA531,Porter - Porcupine River Downstream site DP23 - PCGL - ITRDB CANA531,67.5,-139.9667,249,PCGL,1711,2007
20715,CANA535,Porter - Porcupine River Downstream site DP27 - PCGL - ITRDB CANA535,67.5,-140.05,243,PCGL,1608,2007
13790,FINL070,Frank - Luosu PI - PISY - ITRDB FINL070,67.5,24.15,300,PISY,1844,2006
13791,FINL071,Frank - Luosu PS - PISY - ITRDB FINL071,67.5,24.15,300,PISY,1653,2006
15339,RUSS223,Hantemirov - Yamal - LASI - ITRDB RUSS223,67.5,70,30,LASI,-764,2005
18195,AK148,Sullivan - Agashashok Treeline - PCGL - ITRDB AK148,67.4833,-162.2167,125,PCGL,1855,2012
18196,AK149,Sullivan - Agashashok Forest - PCGL - ITRDB AK149,67.4833,-162.2167,120,PCGL,1814,2012
20716,CANA536,Porter - Porcupine River Downstream site DP30 - PCGL - ITRDB CANA536,67.4833,-140.3167,244,PCGL,1552,2007
4461,RUSS092,Schweingruber - Khadutte River - LASI - ITRDB RUSS092,67.47,76.77,20,LASI,1585,1990
4346,RUSS126,"Schweingruber - Bilibina, Mali Anuj River - LAGM - ITRDB RUSS126",67.47,167.67,450,LAGM,1432,1991
3586,AK032,Jacoby - Arrigetch - PCGL - ITRDB AK032,67.45,-154.05,716,PCGL,1585,1990
4748,RUSS053,Schweingruber - Zhaschiviersk - LASI - ITRDB RUSS053,67.45,142.62,100,LASI,1311,1708
4013,FINL048,Meril‰inen - Sodankyl‰ Church - PISY - ITRDB FINL048,67.4,26.6,-999,PISY,1484,1688
3882,AK081,Lloyd - Dalton Highway Mile Post 184 - PCMA - ITRDB AK081,67.38,-150.1,385,PCMA,1848,2004
3881,AK080,Lloyd - Dalton Highway Mile Post 182 - PCMA - ITRDB AK080,67.35,-150.05,387,PCMA,1861,2003
12464,AK106,Jacoby - Sukak Pak - PCGL - ITRDB AK106,67.35,-149.4667,,PCGL,952,1979
4661,RUSS102,Schweingruber - Srednie-Kolymsk - LAGM - ITRDB RUSS102,67.25,153.7,50,LAGM,1556,1991
3592,CANA153,Jacoby - Coppermine River - PCSP - ITRDB CANA153,67.23,-115.92,213,PCSP,1428,1977
12569,CANA314,Jacoby - Coppermine River 2003 update - PCMA - ITRDB CANA314,67.23,-115.92,213,PCMA,1046,2003
3880,AK079,Lloyd - Dalton Highway Mile Post 171 - PCMA - ITRDB AK079,67.22,-150.27,405,PCMA,1878,2005
3974,FINL054,Melvin - Tutkimusasema - PISY - ITRDB FINL054,67.22,26.82,180,PISY,1550,2000
4462,RUSS035,Schweingruber - Khadyta River - LASI - ITRDB RUSS035,67.2,69.83,90,LASI,1782,1990
5258,AK049,Wilmking - North Fork Koyukuk - PCGL - ITRDB AK049,67.15,-150.08,100,PCGL,1715,2001
5259,AK050,Wilmking - Nutirwik Creek - PCGL - ITRDB AK050,67.15,-149.13,100,PCGL,1731,2000
5260,AK051,Wilmking - Nutirwik Creek Floodplain - PCGL - ITRDB AK051,67.15,-149.13,100,PCGL,1828,2001
5257,AK052,Wilmking - Hunt Fork of John River - PCGL - ITRDB AK052,67.13,-152.07,100,PCGL,1730,2002
5255,AK048,Wilmking - Chimney Lake - PCGL - ITRDB AK048,67.12,-150.08,100,PCGL,1725,2001
12468,AK110,Jacoby - Giddings - PCGL - ITRDB AK110,67.0833,-157.9167,,PCGL,980,1990
3975,FINL055,Melvin - Vytamoselka - PISY - ITRDB FINL055,67.08,27.02,190,PISY,1550,2000
3706,AK046,King - Kobuk/Noatak - PCGL - ITRDB AK046,67.07,-159.62,100,PCGL,978,1992
4656,NORW005,Schweingruber - Skjerstad Botn. Soldatenf. - PISY - ITRDB NORW005,67.07,15.45,40,PISY,1761,1978
13710,AK117,D'Arrigo - Northern Alaska Composite - PCGL - ITRDB AK117,67,-152,,PCGL,1524,1990
13758,CANA326,D'Arrigo - Yukon Composite - PCGL - ITRDB CANA326,67,-139,,PCGL,1067,2002
4492,FINL011,Schweingruber - Laagennus Pyhantunturi National Park - PISY - ITRDB FINL011,67,27.12,270,PISY,1670,1978
4491,FINL019,Schweingruber - Laagennus Pyhantunturi National Park - PCAB - ITRDB FINL019,67,27.12,270,PCAB,1701,1978
2846,FINL063,Briffa - Pyhatunturi - PISY - ITRDB FINL063,67,27.25,260,PISY,1655,1983
4307,RUSS125,Schweingruber - Alakurtti - PISY - ITRDB RUSS125,66.98,30.25,200,PISY,1699,1992
4770,RUSS006,Shiyatov - Yamal Hadyta R. Polar Timberline Near Spring - LASI - ITRDB RUSS006,66.92,69.17,10,LASI,1535,1963
4769,RUSS007,Shiyatov - Yamal Hadyta River Intermediate Moisture - LASI - ITRDB RUSS007,66.92,69.17,10,LASI,1627,1964
12694,RUSS220,Jacoby - Polar Urals LDEO - LASI - ITRDB RUSS220,66.9,65.6,,LASI,778,1990
4376,RUSS056,Schweingruber - Charijaga - PCOB - ITRDB RUSS056,66.88,51.95,35,PCOB,1797,1990
4377,RUSS058,Schweingruber - Charijaga - PISY - ITRDB RUSS058,66.88,51.95,35,PISY,1653,1990
4597,RUSS021,Schweingruber - Polar Ural (historisch) - LASI - ITRDB RUSS021,66.87,65.63,250,LASI,914,1990
4598,RUSS022,Schweingruber - Polar Ural (rezent) - PCOB - ITRDB RUSS022,66.87,65.63,250,PCOB,1663,1990
4599,RUSS176,"Schweingruber - Polar Urals, upper timber - LASI - ITRDB RUSS176",66.87,65.63,250,LASI,778,1892
3644,SWED002,Jonnson - Muddas 2 (Recollection of Muddas Site A) - PISY - ITRDB SWED002,66.85,20.37,450,PISY,1532,1972
3473,SWED004,Harlan - Muddas National Park A - PISY - ITRDB SWED004,66.85,20.37,450,PISY,1572,1971
4764,RUSS001,Shiyatov - Polar Urals Upper Timberline Near Spring - LASI - ITRDB RUSS001,66.83,65.75,150,LASI,1541,1968
4640,RUSS034,Schweingruber - Shchuchye River - PCOB - ITRDB RUSS034,66.82,69.28,90,PCOB,1710,1990
15340,RUSS224,Kirdyanov - Polar Urals PURLASI - LASI - ITRDB RUSS224,66.8167,65.5833,190,LASI,1641,2001
15341,RUSS225,Kirdyanov - Polar Urals PURLASI_SC - LASI - ITRDB RUSS225,66.8167,65.5833,190,LASI,1845,2006
3474,SWED006,Harlan - Muddas National Park B - PISY - ITRDB SWED006,66.78,20.13,380,PISY,1647,1971
2840,SWED306,Briffa - Muddas South - PISY - ITRDB SWED306,66.78,20.13,270,PISY,1667,1983
9918,RUSS207,Lloyd - Zhigansk floodplain - PCOB - ITRDB RUSS207,66.7618,123.3498,,PCOB,1695,2007
9913,RUSS202,Lloyd - Cemetary Valley Zhigansk - LAGM - ITRDB RUSS202,66.7573,123.3551,56,LAGM,1670,2007
9914,RUSS203,Lloyd - Lena River Bluff - LAGM - ITRDB RUSS203,66.7507,123.4165,30,LAGM,1763,2007
5099,CANA121,Szeicz - Richardson Mountain (Trees less 100 years) - PCGL - ITRDB CANA121,66.72,-136.28,800,PCGL,1547,1992
5098,CANA122,Szeicz - Richardson Mountain (Trees grtr 100 years) - PCGL - ITRDB CANA122,66.72,-136.28,800,PCGL,1580,1992
4521,RUSS067,Schweingruber - Mangazeja (hist. + rez.) - PCOB - ITRDB RUSS067,66.68,82.3,50,PCOB,1246,1969
4522,RUSS068,Schweingruber - Mangazeja (historisch) - LASI - ITRDB RUSS068,66.68,82.3,50,LASI,1307,1698
4642,RUSS023,Schweingruber - Sidorovsk - LASI - ITRDB RUSS023,66.67,82.33,15,LASI,1750,1990
4643,RUSS071,Schweingruber - Sidorovsk - PCOB - ITRDB RUSS071,66.67,82.33,15,PCOB,1674,1990
34204,SWED340,Esper - Jokkmokk Wet - PISY - ITRDB SWED340,66.65,20.11,302,PISY,1738,2013
34205,SWED341,Esper - Jokkmokk Dry - PISY - ITRDB SWED341,66.65,20.11,302,PISY,1715,2013
4759,RUSS008,Shiyatov - Forest-Tundra Zone Intermediate Moisture B - LASI - ITRDB RUSS008,66.6,82.33,15,LASI,1624,1969
4761,RUSS009,Shiyatov - Forest-Tundra Zone Mangazeya Near Spring - LASI - ITRDB RUSS009,66.6,82.33,15,LASI,1631,1969
4760,RUSS010,Shiyatov - Forest-Tundra Zone Mangazeya Dry Site - LASI - ITRDB RUSS010,66.6,82.33,15,LASI,1683,1969
4762,RUSS011,Shiyatov - Forest-Tundra Zone Mangazeya Swampy Site - LASI - ITRDB RUSS011,66.6,82.33,15,LASI,1723,1969
4749,RUSS050,Schweingruber - Zhigansk - PISY - ITRDB RUSS050,66.52,122.33,180,PISY,1564,1991
4758,RUSS005,Shiyatov - Forest-Tundra Zone Intermediate Moisture Site - LASI - ITRDB RUSS005,66.5,66.42,20,LASI,1692,1973
3643,SWED007,Jonnson - Arjeplog (Plot 4011) Lapland - PISY - ITRDB SWED007,66.33,18.45,460,PISY,1553,1974
9915,RUSS204,Lloyd - Indylyun River - LAGM - ITRDB RUSS204,66.2758,123.9168,22,LAGM,1519,2007
9916,RUSS205,Lloyd - Indylyun River - PCOB - ITRDB RUSS205,66.2758,123.9168,22,PCOB,1551,2007
4638,RUSS042,Schweingruber - Shchely Bozh - PCOB - ITRDB RUSS042,66.22,56.33,65,PCOB,1784,1990
4639,RUSS046,Schweingruber - Shchely Bozh - PISY - ITRDB RUSS046,66.22,56.33,65,PISY,1694,1990
4637,RUSS064,Schweingruber - Shchely Bozh - LASI - ITRDB RUSS064,66.22,56.33,65,LASI,1630,1990
4331,RUSS088,Schweingruber - Balshoia Anui - LAGM - ITRDB RUSS088,66.22,165.42,500,LAGM,1492,1991
4549,RUSS101,Schweingruber - Nadim River - LASI - ITRDB RUSS101,66.22,71.67,80,LASI,1740,1990
9917,RUSS206,Lloyd - Sylakh - LAGM - ITRDB RUSS206,66.2104,123.0049,33,LAGM,1719,2007
4550,RUSS032,Schweingruber - Nadim River B - PCOB - ITRDB RUSS032,66.13,71.67,80,PCOB,1720,1990
4745,RUSS033,Schweingruber - Yevoyakha River - PCOB - ITRDB RUSS033,66.08,77.68,30,PCOB,1752,1990
4744,RUSS082,Schweingruber - Yevoyakha River - LASI - ITRDB RUSS082,66.08,77.68,30,LASI,1671,1990
4519,RUSS122,Schweingruber - Malchoyakha River - LASI - ITRDB RUSS122,66.08,77.68,50,LASI,1780,1990
4312,SWED017,Schweingruber - Arjeplog - PCAB - ITRDB SWED017,66.07,17.98,600,PCAB,1634,1978
13754,CANA322,D'Arrigo - Central Northwest Territories Composite - PCGL - ITRDB CANA322,66,-120,,PCGL,1046,2003
4534,RUSS054,Schweingruber - Moma River - LAGM - ITRDB RUSS054,65.88,145.3,570,LAGM,1591,1991
4303,RUSS145,Schweingruber - Adycha river (slope) - LAGM - ITRDB RUSS145,65.8,137.25,800,LAGM,1580,1991
4302,RUSS146,Schweingruber - Adycha river (bog) - LAGM - ITRDB RUSS146,65.8,137.25,800,LAGM,1481,1991
4562,RUSS040,Schweingruber - Nonburg - PCOB - ITRDB RUSS040,65.6,50.63,70,PCOB,1642,1990
4563,RUSS041,Schweingruber - Nonburg - PISY - ITRDB RUSS041,65.6,50.63,70,PISY,1638,1990
4561,RUSS119,Schweingruber - Nonburg - LASI - ITRDB RUSS119,65.6,50.63,70,LASI,1603,1990
4467,RUSS037,Schweingruber - Kheygiyakha River - PCOB - ITRDB RUSS037,65.5,72.65,100,PCOB,1794,1990
4479,RUSS123,Schweingruber - Kozhim - LASI - ITRDB RUSS123,65.45,60.58,400,LASI,1588,1990
4468,RUSS084,Schweingruber - Kheygiyakha River B - LASI - ITRDB RUSS084,65.38,72.87,100,LASI,1767,1990
5095,CANA117,Szeicz - Discovery Ridge (Trees less 200 years) - PCGL - ITRDB CANA117,65.35,-126.7,820,PCGL,1409,1991
5094,CANA118,Szeicz - Discovery Ridge (Trees grtr 200 years) - PCGL - ITRDB CANA118,65.35,-126.7,820,PCGL,1620,1991
4601,RUSS097,Schweingruber - Polui River Head B - PCOB - ITRDB RUSS097,65.35,69.52,25,PCOB,1601,1991
3594,CANA154,Jacoby - Franklin Mountains - PCGL - ITRDB CANA154,65.33,-126.68,725,PCGL,1625,1983
4750,RUSS073,Schweingruber - Zolotica - PISY - ITRDB RUSS073,65.33,41.12,130,PISY,1594,1990
4548,RUSS180,Schweingruber - Muzhy-Settlement - LASI - ITRDB RUSS180,65.32,64.65,30,LASI,1828,1994
4600,RUSS100,Schweingruber - Polui River Head - PISY - ITRDB RUSS100,65.3,69.68,35,PISY,1674,1991
3047,AK060,D'Arrigo - Burnt Over - PCGL - ITRDB AK060,65.22,-162.25,259,PCGL,1621,2002
3053,AK066,D'Arrigo - Hey Bear - PCGL - ITRDB AK066,65.22,-162.22,213,PCGL,1533,2002
3054,AK067,D'Arrigo - Hey Bear Upper - PCGL - ITRDB AK067,65.22,-162.22,229,PCGL,1383,2002
3049,AK062,D'Arrigo - Death Valley - PCGL - ITRDB AK062,65.2,-162.27,239,PCGL,1358,2002
3052,AK065,D'Arrigo - Gordon's Cat - PCGL - ITRDB AK065,65.2,-162.2,168,PCGL,1400,2002
3043,AK057,D'Arrigo - Almond Butter Lower - PCGL - ITRDB AK057,65.18,-162.2,168,PCGL,1607,2002
3044,AK058,D'Arrigo - Almond Butter Upper - PCGL - ITRDB AK058,65.18,-162.22,213,PCGL,1406,2002
3059,AK070,D'Arrigo - Windy Ridge Alaska - PCGL - ITRDB AK070,65.18,-162.22,251,PCGL,1556,2002
13708,AK115,D'Arrigo - Seward Composite - PCGL - ITRDB AK115,65.16,-162.25,,PCGL,1389,2001
4621,RUSS091,Schweingruber - Rossocha River - LAGM - ITRDB RUSS091,65.15,149.43,300,LAGM,1555,1991
3045,AK059,D'Arrigo - Alpine View - PCGL - ITRDB AK059,65.12,-162.18,282,PCGL,1542,2002
3050,AK063,D'Arrigo - Echo Slope - PCGL - ITRDB AK063,65.1,-162.15,229,PCGL,1590,2002
4358,RUSS089,Schweingruber - Bulun river - LAGM - ITRDB RUSS089,65.1,154.93,150,LAGM,1554,1991
3048,AK061,D'Arrigo - Bye Rosanne - PCGL - ITRDB AK061,65.08,-162.18,282,PCGL,1575,2002
3051,AK064,D'Arrigo - Frost Valley - PCGL - ITRDB AK064,65.08,-162.15,229,PCGL,1611,2002
3055,AK068,D'Arrigo - Mt. Mole - PCGL - ITRDB AK068,65.08,-162.18,229,PCGL,1550,2002
3057,AK069,D'Arrigo - Ptarmigan Hill - PCGL - ITRDB AK069,65.07,-162.23,244,PCGL,1718,2002
3603,CANA156,Jacoby - MacKenzie Mountains - PCGL - ITRDB CANA156,65,-127.83,1375,PCGL,1626,1984
3615,CANA157,Jacoby - Twisted Tree Heartrot Hill - PCGL - ITRDB CANA157,65,-138.33,915,PCGL,1530,1992
14812,AK135,Wolken - Babe Creek Toe Slope - PCMA - ITRDB AK135,64.9997,147.6663,317,PCMA,1895,2010
5101,CANA123,Szeicz - Skipping Bullet (Trees less 200 years) - PCGL - ITRDB CANA123,64.98,-127.57,950,PCGL,1588,1989
5100,CANA124,Szeicz - Skipping Bullet (Trees grtr 200 years) - PCGL - ITRDB CANA124,64.98,-127.57,950,PCGL,1780,1989
5097,CANA119,Szeicz - Katherine Creek (Trees less 200 years) - PCGL - ITRDB CANA119,64.97,-127.48,680,PCGL,1506,1989
5096,CANA120,Szeicz - Katherine Creek (Trees grtr 200 years) - PCGL - ITRDB CANA120,64.97,-127.48,680,PCGL,1700,1989
4630,RUSS103,Schweingruber - Sartan river - LAGM - ITRDB RUSS103,64.93,132.93,750,LAGM,1564,1991
3890,AK038,Lloyd - Grasshopper Hill - PCGL - ITRDB AK038,64.92,-163.67,150,PCGL,1790,1999
4592,RUSS036,Schweingruber - Pinega - PISY - ITRDB RUSS036,64.92,42.5,230,PISY,1674,1991
4591,RUSS039,Schweingruber - Pinega - PCAB - ITRDB RUSS039,64.92,42.5,230,PCAB,1711,1991
4506,RUSS060,Schweingruber - Leshukonskoe - PCOB - ITRDB RUSS060,64.92,42.5,70,PCOB,1743,1991
4593,RUSS098,"Schweingruber - Pinega, Belomop-kuloi pla - LASI - ITRDB RUSS098",64.92,42.5,230,LASI,1578,1990
4526,RUSS178,Schweingruber - Markovo - LAGM - ITRDB RUSS178,64.83,169,-999,LAGM,1729,1998
4527,RUSS179,"Schweingruber - Markovo, junge B‰ume - LAGM - ITRDB RUSS179",64.83,169,-999,LAGM,1976,1998
3889,AK034,Lloyd - Fox River Bank - PCGL - ITRDB AK034,64.82,-163.7,61,PCGL,1795,1997
4767,RUSS002,Shiyatov - Subpolar Urals Upper Timberline Near Spring - LASI - ITRDB RUSS002,64.67,60,550,LASI,1691,1969
27606,RUSS279,Hughes - Pinega Nature Reserve - LASI - ITRDB RUSS279,64.589,43.176,60,LASI,1725,2009
27607,RUSS280,Hughes - Pinega Nature Reserve - PCOB - ITRDB RUSS280,64.589,43.176,60,PCOB,1773,2008
27608,RUSS281,Hughes - Pinega Nature Reserve - PISY - ITRDB RUSS281,64.589,43.176,60,PISY,1737,2009
4708,RUSS090,Schweingruber - Ust Nera - LAGM - ITRDB RUSS090,64.53,143.12,600,LAGM,1708,1991
5103,CANA125,Szeicz - Tombstone Mountain (Trees less 100 years) - PCGL - ITRDB CANA125,64.52,-138.32,1130,PCGL,1470,1992
5102,CANA126,Szeicz - Tombstone Mountain (Trees grtr 100 years) - PCGL - ITRDB CANA126,64.52,-138.32,1130,PCGL,1530,1992
4459,RUSS047,Schweingruber - Kedvaran - PCOB - ITRDB RUSS047,64.25,53.57,70,PCOB,1714,1990
4458,RUSS061,Schweingruber - Kedvaran - LASI - ITRDB RUSS061,64.25,53.57,70,LASI,1674,1991
4460,RUSS062,Schweingruber - Kedvaran - PISY - ITRDB RUSS062,64.25,53.57,70,PISY,1717,1990
12574,CANA318,Jacoby - Thelon - PCGL - ITRDB CANA318,64.0333,-103.8667,160,PCGL,1288,2004
3598,CANA155,Jacoby - Hornby Cabin - PCGL - ITRDB CANA155,64.03,-103.87,160,PCGL,1491,1984
3118,CANA008,Dennis - Thelon Game Sanctuary - PCGL - ITRDB CANA008,63.83,-104,207,PCGL,1574,1969
4485,RUSS141,Schweingruber - Kubaka upper near timber - LAGM - ITRDB RUSS141,63.67,159.95,800,LAGM,1586,1994
4484,RUSS143,Schweingruber - Kubaka right bank middle - LAGM - ITRDB RUSS143,63.67,159.95,700,LAGM,1560,1994
4339,RUSS108,Schweingruber - Baraii River - LAGM - ITRDB RUSS108,63.65,133.78,200,LAGM,1683,1992
4340,RUSS109,Schweingruber - Baraii River - PCOB - ITRDB RUSS109,63.65,133.78,200,PCOB,1714,1991
4356,RUSS105,Schweingruber - Bryungjade river - LAGM - ITRDB RUSS105,63.62,141.35,750,LAGM,1583,1991
4636,RUSS111,Schweingruber - Shaguchan river - LAGM - ITRDB RUSS111,63.58,148.28,1000,LAGM,1688,1991
18206,RUSS244,Myglan - Kazim - PISY - ITRDB RUSS244,63.55,69.1667,63,PISY,1523,2006
4633,RUSS070,Schweingruber - Seimchan-river - LAGM - ITRDB RUSS070,63.52,151.72,450,LAGM,1362,1991
4726,RUSS043,Schweingruber - Voroney - PCAB - ITRDB RUSS043,63.43,43.55,120,PCAB,1753,1990
4725,RUSS044,Schweingruber - Voroney - LASI - ITRDB RUSS044,63.43,43.55,120,LASI,1729,1990
4727,RUSS045,Schweingruber - Voroney - PISY - ITRDB RUSS045,63.43,43.55,120,PISY,1723,1991
4469,RUSS055,Schweingruber - Khotugn-Uladan-Tukulan - PISY - ITRDB RUSS055,63.38,125.8,100,PISY,1568,1991
4560,RUSS177,Schweingruber - Nojabrsk west - PCOB - ITRDB RUSS177,63.13,75.33,150,PCOB,1850,1994
4705,RUSS159,Schweingruber - Under Vangapur River B - LASI - ITRDB RUSS159,63.07,76.32,170,LASI,1804,1994
4704,RUSS155,Schweingruber - Under Vangapur River A - PISY - ITRDB RUSS155,62.93,76.38,180,PISY,1726,1994
4515,CANA059,Schweingruber - Mac Kinley - PCMA - ITRDB CANA059,62.73,-111.63,1350,PCMA,1853,1988
4583,CANA053,Schweingruber - Pethai Peninsula - PCGL - ITRDB CANA053,62.68,-110.97,1400,PCGL,1610,1988
8583,CANA290,St-Onge - River Lake - PIBN - ITRDB CANA290,62.6,-114.13,195,PIBN,1829,2005
4703,RUSS095,Schweingruber - Ukyu - PCOB - ITRDB RUSS095,62.6,58.8,340,PCOB,1616,1991
8585,CANA283,St-Onge - Shadow Lake - PIBN - ITRDB CANA283,62.57,-114.35,209,PIBN,1873,2005
8581,CANA291,St-Onge - Prelude Lake - PIBN - ITRDB CANA291,62.55,-113.85,197,PIBN,1853,2005
8579,CANA293,St-Onge - Ingraham Trail - PIBN - ITRDB CANA293,62.55,-113.87,214,PIBN,1734,2005
8584,CANA284,St-Onge - Settling Pond - PIBN - ITRDB CANA284,62.52,-114.35,189,PIBN,1862,2005
8582,CANA292,St-Onge - Prelude Lake East - PIBN - ITRDB CANA292,62.52,-113.82,199,PIBN,1936,2005
8575,CANA285,St-Onge - Central Pond - PIBN - ITRDB CANA285,62.5,-114.35,194,PIBN,1864,2005
8577,CANA294,St-Onge - Fifty Kilometres - PIBN - ITRDB CANA294,62.5,-113.43,228,PIBN,1804,2005
8574,CANA286,St-Onge - APIT - PIBN - ITRDB CANA286,62.48,-114.37,211,PIBN,1858,2005
8578,CANA287,St-Onge - Fox Lake - PIBN - ITRDB CANA287,62.48,-114.42,208,PIBN,1679,2005
8576,CANA289,St-Onge - Dettah Road - PIBN - ITRDB CANA289,62.47,-114.3,191,PIBN,1806,2005
4464,RUSS057,Schweingruber - Khandiga River - PCOB - ITRDB RUSS057,62.47,137.75,400,PCOB,1729,1991
4463,RUSS066,Schweingruber - Khandiga River - LAGM - ITRDB RUSS066,62.47,137.75,400,LAGM,1568,1990
4353,CANA046,Schweingruber - Bras d'Or Lake - PCGL - ITRDB CANA046,62.45,-116.13,700,PCGL,1795,1988
4354,CANA052,Schweingruber - Bras d'Or Lake (Insel) - PCGL - ITRDB CANA052,62.45,-116.13,700,PCGL,1759,1988
8580,CANA288,St-Onge - Kam Lake - PIBN - ITRDB CANA288,62.42,-114.42,175,PIBN,1828,2005
4736,CANA044,Schweingruber - Willow Lake - PCMA - ITRDB CANA044,62.17,-119.13,620,PCMA,1850,1988
4737,CANA045,Schweingruber - Willow Lake Insel - PCMA - ITRDB CANA045,62.17,-119.13,620,PCMA,1841,1988
4322,CANA058,Schweingruber - Austin Lake - PCGL - ITRDB CANA058,62.17,-110.08,850,PCGL,1818,1988
4332,RUSS147,Schweingruber - Balygichan Ebene - LAGM - ITRDB RUSS147,62.13,155.03,700,LAGM,1576,1994
4333,RUSS148,Schweingruber - Balygichan River - LAGM - ITRDB RUSS148,62.13,154.58,600,LAGM,1497,1994
13773,CANA341,Sauchyn - Kuskula Creek - PCMA - ITRDB CANA341,62.0333,-128.2667,1200,PCMA,1666,2001
13774,CANA342,Sauchyn - Upper Kuskula Creek - PCMA - ITRDB CANA342,62.0333,-128.2667,1200,PCMA,1709,2001
13772,CANA340,Sauchyn - Grizzly Ridge - PCMA - ITRDB CANA340,62,-128.3,500,PCMA,1703,2001
9931,CANA295,Bunn - Bison - PCGL - ITRDB CANA295,61.7,-116.95,,PCGL,1933,2008
4416,CANA048,Schweingruber - Fort Simpson McKenzie River Terrace - PCGL - ITRDB CANA048,61.68,-120.72,375,PCGL,1821,1988
4417,CANA057,Schweingruber - Fort Simpson McKenzie R. Unstable Slope - PCGL - ITRDB CANA057,61.68,-120.72,375,PCGL,1807,1988
9937,CANA301,Bunn - Fahey - PCMA - ITRDB CANA301,61.4333,-121.2667,240,PCMA,1824,2008
15520,CANA378,Kenigsberg - Rock Glacier Yukon - ABLA - ITRDB CANA378,61.3667,-128.35,1450,ABLA,1697,2002
9940,CANA304,Bunn - Electric Light Forest - PCMA - ITRDB CANA304,61.35,-120.8,280,PCMA,1943,2008
9941,CANA305,Bunn - Electric Light Forest - PIBA - ITRDB CANA305,61.35,-120.8,280,PIBA,1922,2008
26110,CANA557,Sniderhan - Scotty Creek - PCMA - ITRDB CANA557,61.308,-121.299,280,PCMA,1842,2013
4518,RUSS134,Schweingruber - Majakit River/village - LAGM - ITRDB RUSS134,61.28,151.95,900,LAGM,1338,1994
9932,CANA296,Bunn - Falls - PCGL - ITRDB CANA296,61.2,-120,270,PCGL,1819,2008
9933,CANA297,Bunn - Falls - PIBA - ITRDB CANA297,61.2,-120,270,PIBA,1816,2008
4415,CANA047,Schweingruber - Fort Providence - PCGL - ITRDB CANA047,61.17,-117.37,500,PCGL,1829,1988
4449,RUSS138,Schweingruber - Julietta north - LAGM - ITRDB RUSS138,61.17,153.97,-999,LAGM,1547,1994
4450,RUSS144,Schweingruber - Julietta south - LAGM - ITRDB RUSS144,61.17,153.97,-999,LAGM,1653,1994
9938,CANA302,Bunn - Squatters Camp - PCMA - ITRDB CANA302,61.1,-118.7833,220,PCMA,1903,2008
5563,AK088,Wiles - Middle Telaquana - PCGL - ITRDB AK088,60.97,-153.92,400,PCGL,1769,2003
9935,CANA299,Bunn - Darcey Lake - PCMA - ITRDB CANA299,60.9167,-111.6,240,PCMA,1909,2008
9936,CANA300,Bunn - Darcey Lake - PIBA - ITRDB CANA300,60.9167,-111.6,240,PIBA,1894,2008
5562,AK089,Wiles - Lower Twin Lake - PCGL - ITRDB AK089,60.65,-154.02,580,PCGL,1600,2003
9942,CANA306,Bunn - Taltson River - PCMA - ITRDB CANA306,60.55,-110.6,300,PCMA,1929,2008
9943,CANA307,Bunn - Taltson River - PIBA - ITRDB CANA307,60.55,-110.6,300,PIBA,1899,2008
5564,AK087,Wiles - Portage Lake - PCGL - ITRDB AK087,60.5,-153.88,580,PCGL,1672,2003
5561,AK086,Wiles - Fish Trap - PCGL - ITRDB AK086,60.48,-154.33,550,PCGL,1627,2003
4675,RUSS149,Schweingruber - Takhojama - LAGM - ITRDB RUSS149,60.35,154.12,200,LAGM,1690,1993
4357,CANA074,Schweingruber - Buffalo Lake - PCGL - ITRDB CANA074,60.28,-115.27,803,PCGL,1842,1988
9939,CANA303,Bunn - Mackenzie Highway - PIBA - ITRDB CANA303,60.05,-109.0333,210,PIBA,1951,2008
9934,CANA298,Bunn - No Map Lake - PCGL - ITRDB CANA298CANA298,60.0333,-119.05,,PCGL,1903,2008
4378,CANA070,Schweingruber - Charlie Lake - PCMA - ITRDB CANA070,60.03,-100.43,1055,PCMA,1768,1988
3865,CANA129,Larsen - Wood Buffalo National Park Site SF - PCGL - ITRDB CANA129,59.98,-112.35,200,PCGL,1833,1989
3864,CANA130,Larsen - Wood Buffalo National Park Site RL - PCGL - ITRDB CANA130,59.8,-112.17,240,PCGL,1846,1989
4446,RUSS153,Schweingruber - Jama river - PCOB - ITRDB RUSS153,59.78,154,80,PCOB,1788,1994
4445,RUSS154,Schweingruber - Jama river - LAGM - ITRDB RUSS154,59.78,154,80,LAGM,1705,1994
3863,CANA132,Larsen - Wood Buffalo National Park Site PR - PIBN - ITRDB CANA132,59.75,-112.2,250,PIBN,1852,1992
3862,CANA133,Larsen - Wood Buffalo National Park Site NL - PIBN - ITRDB CANA133,59.58,-111.33,300,PIBN,1853,1992
3861,CANA131,Larsen - Wood Buffalo National Park Site BR - PCGL - ITRDB CANA131,59.12,-112.18,220,PCGL,1866,1989
3591,CANA158,Jacoby - Churchill Composite - PCGL - ITRDB CANA158,58.72,-94.07,50,PCGL,1650,1982
4384,CANA060,Schweingruber - Churchill - PCGL - ITRDB CANA060,58.67,-93.48,50,PCGL,1690,1988
4383,CANA069,Schweingruber - Churchill - LALA - ITRDB CANA069,58.67,-93.48,50,LALA,1783,1988
6146,CANA270,"Mamet - White Spruce Upland, Churchill MB - PCGL - ITRDB CANA270",58.62,-93.8,50,PCGL,1743,2006
6145,CANA271,"Mamet - White Spruce Upland, Churchill MB - LALA - ITRDB CANA271",58.62,-93.8,50,LALA,1818,2003
6144,CANA272,"Mamet - Black Spruce Wetland, Churchill MB - PCMA - ITRDB CANA272",58.62,-93.83,16,PCMA,1716,2006
6143,CANA273,"Mamet - Black Spruce Wetland, Churchill MB - LALA - ITRDB CANA273",58.62,-93.83,16,LALA,1752,2006
8523,CANA274,"Mamet - NFOR, Wapusk National Park, Manitoba - PCGL - ITRDB CANA274",58.53,-93.47,17,PCGL,1743,2003
8524,CANA275,"Mamet - NFOR, Wapusk National Park, Manitoba - PCMA - ITRDB CANA275",58.53,-93.47,17,PCMA,1716,2006
8522,CANA276,"Mamet - NFOR, Wapusk National Park, Manitoba - LALA - ITRDB CANA276",58.53,-93.47,17,LALA,1752,2002
3263,CANA002,Fritts - Fort Chimo (Merged) - LALA - ITRDB CANA002,58.37,-68.38,46,LALA,1650,1974
4414,CANA089,Schweingruber - Fort Nelson - PCGL - ITRDB CANA089,58.33,-122.83,690,PCGL,1817,1983
3480,AK014,Harlan - Settlement Point Afognak Island - PCSI - ITRDB AK014,58.05,-152.7,10,PCSI,1690,1996
13756,CANA324,D'Arrigo - Manitoba Composite - PCGL - ITRDB CANA324,58,-94,,PCGL,1650,1982
8528,CANA277,"Mamet - TUND, Wapusk National Park, Manitoba - PCGL - ITRDB CANA277",57.95,-93.22,27,PCGL,1771,2004
8529,CANA278,"Mamet - TUND, Wapusk National Park, Manitoba - PCMA - ITRDB CANA278",57.95,-93.22,27,PCMA,1737,2004
8527,CANA281,"Mamet - TUND, Wapusk National Park, Manitoba - LALA - ITRDB CANA281",57.95,-93.22,27,LALA,1927,2003
2920,CANA209,Buckley - Eyeglass Lake - PCGL - ITRDB CANA209,57.92,-61.6,100,PCGL,1713,2001
3658,AK14,Kaiser - Isthmus Kodiak Island - PCSI - ITRDB AK14,57.63,-152.33,1,PCSI,1789,1986
3660,AK12,Kaiser - Pony Point Kodiak Island - PCSI - ITRDB AK12,57.62,-152.28,20,PCSI,1731,1986
12466,AK108,Wiles - Kodiak Island - PCSI - ITRDB AK108,57.6167,-152.3167,,PCSI,1721,1986
3654,AK17,Kaiser - Fork Twin Creek Kodiak Island - PCSI - ITRDB AK17,57.6,-152.32,25,PCSI,1721,1986
3056,CANA160,D'Arrigo - Nutak - PCGL - ITRDB CANA160,57.5,-61.75,25,PCGL,1700,1996
8525,CANA279,"Mamet - SFOR, Wapusk National Park, Manitoba - PCGL - ITRDB CANA279",57.32,-93.03,56,PCGL,1729,2004
8526,CANA280,"Mamet - SFOR, Wapusk National Park, Manitoba - PCMA - ITRDB CANA280",57.32,-93.03,56,PCMA,1743,2004
4495,CANA072,Schweingruber - Lac Natuak - PCMA - ITRDB CANA072,57.22,-71.5,500,PCMA,1743,1988
4496,CANA073,Schweingruber - Lac Natuak (Trocken) - PCMA - ITRDB CANA073,57.22,-71.5,500,PCMA,1852,1988
12565,CANA310,D'Arrigo - Napaktok Bay Spruce/Napaktok Woods - PCGL - ITRDB CANA310,57.15,-62.3,50,PCGL,1550,1996
2923,CANA210,Buckley - Medusa Bay - PCGL - ITRDB CANA210,56.92,-61.5,25,PCGL,1634,1997
22662,RUSS261,Deck - North Road - BEER - ITRDB RUSS261,56.70416,160.95035,120,BEER,1823,2014
2662,CANA005,Ames - Nain A+b - PCGL - ITRDB CANA005,56.55,-62,150,PCGL,1769,1973
22661,RUSS260,Deck - 54 km from Ust - BEER - ITRDB RUSS260,56.52759,161.97069,112,BEER,1814,2014
12566,CANA311,D'Arrigo - Salt Water Pond - PCGL - ITRDB CANA311,56.5167,-61.9167,150,PCGL,1526,1998
4498,CANA061,Schweingruber - Lac Romanel - PCMA - ITRDB CANA061,56.23,-67.72,1000,PCMA,1821,1988
4499,CANA062,Schweingruber - Lac Romanel (Feucht) - PCMA - ITRDB CANA062,56.23,-67.72,1000,PCMA,1659,1988
3589,CANA159,Jacoby - Castle Peninsula - PCGL - ITRDB CANA159,56.17,-76.55,50,PCGL,1663,1982
12564,CANA309,D'Arrigo - Tombolo - PCGL - ITRDB CANA309,56,-61,50,PCGL,1517,1988
12568,CANA313,D'Arrigo - Ittyhauk Bay - PCGL - ITRDB CANA313,56,-61,50,PCGL,1689,1998
13755,CANA323,D'Arrigo - Labrador Composite - PCGL - ITRDB CANA323,56,-60,,PCGL,1459,2001
12684,RUSS210,"Solomina - Bystraya, Kamchatka - LAGM - ITRDB RUSS210",56,158.8,,LAGM,1664,1991
22663,RUSS262,Deck - Lower Tobalchik Volcano - LAGM - ITRDB RUSS262,55.97215,160.13524,486,LAGM,1675,2014
22665,RUSS264,Deck - Tobalchik Volcano - LAGM - ITRDB RUSS264,55.9567,160.23132,944,LAGM,1653,2014
22664,RUSS263,Deck - Mid-Tobalchik Volcano - LAGM - ITRDB RUSS263,55.94931,160.1991,743,LAGM,1674,2014
4757,RUSS014,Shiyatov - Esso Village Kamchatka - LAGM - ITRDB RUSS014,55.9,158.8,900,LAGM,1690,1983
12685,RUSS211,"Solomina - Esso, Kamchatka - LAGM - ITRDB RUSS211",55.9,158.8,,LAGM,1632,1997
4768,RUSS015,Shiyatov - Tolbachek Volcano Kamchatka - LAGM - ITRDB RUSS015,55.82,160.17,750,LAGM,1710,1983
12687,RUSS213,"Solomina - Tolbachik, Kamchatka - LAGM - ITRDB RUSS213",55.8167,160.1667,,LAGM,1707,1994
4385,CANA071,Schweingruber - Coats River - PCMA - ITRDB CANA071,55.73,-76.15,1000,PCMA,1786,1988
4386,CANA077,Schweingruber - Coats River (Feucht) - PCMA - ITRDB CANA077,55.73,-76.15,1000,PCMA,1777,1988
12567,CANA312,D'Arrigo - Pistolet Bay Spruce - PCGL - ITRDB CANA312,55.4167,-61.3167,50,PCGL,1548,1997
3260,CANA030,Fritts - Border Beacon - PCGL - ITRDB CANA030,55.33,-63.25,457,PCGL,1660,1976
4349,CANA169,Schweingruber - Bonif historisc - PCMA - ITRDB CANA169,55.33,-77.83,50,PCMA,1352,1989
28867,CANA609,Tumajer - Whapmagoostui-Kuujjuarapik - PCGL - ITRDB CANA609,55.31,-77.7,80,PCGL,1821,2018
4729,CANA063,Schweingruber - Wakuach Lake - PCGL - ITRDB CANA063,55.28,-67.12,1200,PCGL,1695,1988
4730,CANA064,Schweingruber - Wakuach Lake - PCMA - ITRDB CANA064,55.28,-67.12,1200,PCMA,1841,1988
12686,RUSS212,"Solomina - Nog, Kamchatka - LAGM - ITRDB RUSS212",55.1333,159.1167,,LAGM,1570,2003
12688,RUSS214,"Solomina - Urz, Kamchatka - LAGM - ITRDB RUSS214",55.1333,159.1167,,LAGM,1700,2003
12683,RUSS209,"Solomina - Bar, Kamchatkai - LAGM - ITRDB RUSS209",55,160.5,,LAGM,1776,2001
15352,RUSS236,Sano - Kronotsky - LAGM - ITRDB RUSS236,55,160.5,,LAGM,1580,2001
4558,CANA066,Schweingruber - No Name Lake - PCMA - ITRDB CANA066,54.58,-77.57,450,PCMA,1748,1988
4559,CANA067,Schweingruber - No Name Lake (Trocken) - PCMA - ITRDB CANA067,54.58,-77.57,450,PCMA,1743,1988
16962,CANA462,Gennaretti - Lake L20 Quebec - PCMA - ITRDB CANA462,54.56,-71.24,483,PCMA,653,2011
16959,CANA459,Gennaretti - Lake L12 Quebec - PCMA - ITRDB CANA459,54.46,-70.39,539,PCMA,572,2011
16961,CANA461,Gennaretti - Lake L18 Quebec - PCMA - ITRDB CANA461,54.25,-72.38,436,PCMA,596,2011
4401,CANA049,Schweingruber - Dorothea Lake - PCGL - ITRDB CANA049,54.2,-61.57,1500,PCGL,1790,1988
16963,CANA463,Gennaretti - Lake L22 Quebec - PCMA - ITRDB CANA463,54.15,-70.29,558,PCMA,650,2011
16960,CANA460,Gennaretti - Lake L16 Quebec - PCMA - ITRDB CANA460,54.1,-71.63,451,PCMA,774,2011
16957,CANA458,Gennaretti - Lake L1 Quebec - PCMA - ITRDB CANA458,53.86,-72.41,481,PCMA,642,2011
4542,CANA050,Schweingruber - Mountain Lake Newfoundland - PCGL - ITRDB CANA050,53.48,-58.67,1500,PCGL,1709,1988
4543,CANA051,Schweingruber - Mountain Lake Newfoundland Ufe - PCGL - ITRDB CANA051,53.48,-58.67,1500,PCGL,1794,1988
22668,RUSS267,Deck - Malkee - BEER - ITRDB RUSS267,53.32233,157.54709,278,BEER,1841,2014
4743,CANA080,Schweingruber - Yasinski Lake (Trocken) - PCMA - ITRDB CANA080,53.23,-77.67,450,PCMA,1861,1988
4742,CANA081,Schweingruber - Yasinski Lake (Feucht) - PCMA - ITRDB CANA081,53.23,-77.67,450,PCMA,1847,1988
22666,RUSS265,Deck - Garchche Sopa - BEER - ITRDB RUSS265,52.8243,158.1664,68,BEER,1763,2014
22669,RUSS268,Deck - Paratunka - BEER - ITRDB RUSS268,52.823593,158.163756,120,BEER,1740,2014
22667,RUSS266,Deck - Viluchi Volcano - BEER - ITRDB RUSS266,52.68926,158.16354,410,BEER,1792,2014
4403,CANA065,Schweingruber - Eastmain River feucht - PCMA - ITRDB CANA065,52.03,-77.85,450,PCMA,1795,1988
4404,CANA076,Schweingruber - Eastmain River trocken - PCMA - ITRDB CANA076,52.03,-77.85,450,PCMA,1739,1988
4411,CANA068,Schweingruber - Fishing Creek - PCMA - ITRDB CANA068,52.02,-82.9,200,PCMA,1870,1988